{
    "type": "origins:action_over_time",
    "name": "Weak body",
    "description": "Ghosts hate daytime thus you get weakness in the day",
    "entity_action": {
        "type": "origins:apply_effect",
        "effect": {
            "effect": "minecraft:weakness",
            "duration": 25,
            "amplifier": 0,
            "show_icon": true,
            "show_particles": false
        }
    },
    "interval": 20,
    "condition": {
      "type": "origins:daytime",
      "inverted": false

      }
}
