{
    "type": "origins:action_over_time",
    "name": "Creature of the Night",
    "description": "You get strength at night",
    "entity_action": {
        "type": "origins:apply_effect",
        "effect": {
            "effect": "minecraft:strength",
            "duration": 25,
            "amplifier": 0,
            "show_icon": false,
            "show_particles": false
        }
    },
    "interval": 20,
    "condition": {
      "type": "origins:daytime",
      "inverted": true

      }
}
