{
    "type": "origins:modify_damage_taken",
    "modifier": {
        "value": 1.2,
        "operation": "multiply_total"
    },
    "damage_condition": {
        "type": "origins:or",
        "conditions": [
            {
                "type": "origins:name",
                "name": "water",
                "inverted": false
            },
            {
                "type": "origins:name",
                "name": "onWater",
                "inverted": false
            },
            {
                "type": "origins:name",
                "name": "inWater",
                "inverted": false
            },
        ],
        "inverted": false
    },
    "hidden": true
}
